Time,Tissue,Region 1,Region 2,Region 3,Region 4,Region 5,Region 6,Region 7,Region 8
0.0,0.0,244.52714652623786,230.63328521357454,225.82612378255868,261.9363486978004,263.8035036881687,269.73288699950075,262.55125596694376,297.46635325784035
0.015342129487572874,0.0,244.75246853583096,230.73095184380202,225.22499267094756,258.48242974148684,260.89053706323097,266.6590676204485,261.1973095022761,292.7840903128091
0.030684258975145748,0.0,245.23607671720245,230.08517624523816,224.29903745800797,263.8821249522942,259.9560407606942,266.42162946142196,261.73183966492286,288.09586239893366
0.04602638846271862,0.0,245.08506626438756,229.55365744318954,223.2741627100351,272.652653254132,260.44697737561813,265.86260982758546,261.9157423317514,283.6059015064848
0.061368517950291496,0.0,244.1906322584843,229.17674539315982,222.29772632198538,281.34065783394465,261.7862832118873,264.13502002128655,261.2330842111046,279.3560475610552
0.07671064743786436,0.0,242.82108045242128,228.71042574058956,221.43879958726018,288.0516308753589,263.4817754169035,261.64656453060644,260.0407060146552,275.3187980006471
0.09205277692543724,0.0,241.34461887444664,227.9615991929369,220.69962940883752,292.03327467646875,265.18483244762035,259.29224880468047,258.97442005501546,271.4568719535327
0.10739490641301011,0.0,240.0619045961174,226.95868282969957,220.03502635551908,293.3129422745215,266.7079521408012,257.9384222026343,258.5745026831259,267.7550347054961
0.12273703590058299,0.0,239.12832001056742,225.99056067597948,219.3764022670589,292.38930070027186,268.0102916603826,258.12080270297906,259.0931819794484,264.2299281450634
0.13807916538815587,0.0,238.54595296683345,225.54691086519045,218.65718111194192,289.97835998476785,269.16029359482593,259.9190299603109,260.44682111298823,260.92365287533005
0.15342129487572873,0.0,238.20525508620344,226.19293669768498,217.8363067834563,286.8140110174773,270.2845024548514,262.9702932742904,262.27549776035846,257.8868476595364
0.1687634243633016,0.0,237.78665963243162,228.81706329267126,216.751056619883,283.6231011303463,271.67388672693073,266.2870106089839,263.7061196198569,255.2602131926199
0.1841055538508745,0.0,237.28183950002727,232.88497708893917,215.73750381502077,280.4921770674547,272.93776527178045,269.61517424157,264.8056563292813,252.92676639737317
0.19944768333844737,0.0,236.91729500711892,238.4926619048231,214.98644538051556,277.9833082531064,274.76312573863197,271.98941974282724,265.453714274474,250.53982942648523
0.21478981282602022,0.0,237.29357295157044,245.15657645813002,214.5847019984818,275.8579271080654,276.2926649176862,272.69343847206613,265.32696366327184,248.16337976483456
0.2301319423135931,0.0,238.2047656614913,251.85500403372626,214.6210058460205,272.9756764717241,277.2378545331904,271.78144859587087,264.715722366327,246.52334233859597
0.24547407180116598,0.0,239.64874082807606,257.7209691271826,214.44743299330662,269.50604167222093,278.31778901954505,269.5549238981525,264.03636794076306,245.4017747713018
0.26081620128873884,0.0,241.47942344222952,261.93559889216795,214.3809708585264,266.1675798609383,279.36738597515694,266.95293782375234,263.46430390355727,243.49146113386652
0.27615833077631174,0.0,243.91901662578016,265.43816675892873,214.54690060119475,263.77842303390554,280.1408853300145,264.6748896675782,262.79927305331563,240.82152470618425
0.2915004602638846,0.0,245.84186044857248,267.562498363884,214.35255277280447,262.8158765102248,281.18434717581164,262.8261809404436,261.88607155819983,237.77925877470867
0.30684258975145745,0.0,247.25875836359987,268.6598412818802,214.0536359073094,263.9140915984541,281.6509062261017,260.65556914084357,260.5699396087058,235.4727238256479
0.32218471923903036,0.0,247.95582085826243,269.03869418934164,213.82261298109236,267.39177574214983,281.68466436147264,258.29048407287974,259.52061820934904,235.68410343898853
0.3375268487266032,0.0,247.7235556692302,268.5621005516936,213.77567313960623,272.91240965143857,281.4824406694356,256.1159935417556,258.2235784501103,238.72413451499145
0.35286897821417607,0.0,246.98532721868233,267.51997250276906,213.04463262160013,278.87130233943805,281.053866288182,255.0502101361751,257.31183290413577,245.0424759502444
0.368211107701749,0.0,246.00150486687593,266.094712916716,212.20689739999705,285.5028006783787,280.0538794119532,255.41601323526794,256.65732929621294,254.235921148168
0.3835532371893218,0.0,244.98841516713895,264.37456166646064,211.58829513356247,290.2047417249385,278.69910525291874,257.3912987605473,257.3791069798008,265.25856213531716
0.39889536667689474,0.0,244.52797551575534,262.585611541147,211.35219850984302,293.5394909459235,277.1808796826043,260.2853915327725,258.69941994894486,276.6850067187663
0.4142374961644676,0.0,244.20754480991832,260.73833686171577,211.87053195400557,293.9540031180706,275.63766169918154,263.5809288944659,260.27870607905663,287.4834574457362
0.42957962565204044,0.0,243.6650165967922,259.06176758455166,213.05746705642264,293.04828610999596,274.17257602382205,266.69225022248986,262.17059344714886,296.3472171794317
0.44492175513961335,0.0,243.00508028709353,257.89176923749994,215.5931361812972,290.4991258496572,272.7134616530135,268.6460761479531,263.88805544067213,302.3050575677692
0.4602638846271862,0.0,242.41994756541513,256.58150101237976,219.9436322260766,287.35460892466114,271.44755895217037,269.1244801328847,264.71146307445866,304.97477662978133
0.47560601411475906,0.0,241.43067419036979,255.2660740082839,225.07195669989167,284.11205892090356,269.9809217081807,267.94614277504974,264.96145087465845,305.6060885850204
0.49094814360233197,0.0,240.024302384241,253.80881724347245,230.985394198567,280.4424070138084,268.1726395593263,265.8694458269638,264.4529195577457,304.79406140610337
0.5062902730899048,0.0,238.42322188329072,251.97662192380704,236.67001449998324,277.0218966251205,266.6578852145843,263.9145224662858,263.82680920735413,303.00334317192136
0.5216324025774777,0.0,236.9521745490666,250.1283735070589,242.24623382402422,274.4504354978529,265.05373554474465,262.25775010509835,262.91579538846065,299.4016825586312
0.5369745320650505,0.0,236.91729500711892,248.6240467281971,247.16054580977854,272.1037331335782,263.694093149454,260.9268342296545,261.596680690047,294.9060754871841
0.5523166615526235,0.0,237.3842623788648,247.59343300974217,250.721572031131,269.4990579779938,262.6425721019097,259.35709801475605,260.73288346881174,290.009141704901
0.5676587910401963,0.0,238.71497885365653,246.7635164715758,253.3792079948758,266.619664891255,262.0776611587283,257.9108686229717,260.1881195918233,284.92020789933
0.5830009205277692,0.0,241.28803424563037,246.19819394455,255.60641358403444,264.22565861626407,261.70634142578797,257.1194047815309,259.9347370868122,280.6860686532213
0.598343050015342,0.0,244.0696994206862,245.42143990798732,257.2765326689808,262.7893504892818,262.33194183465656,257.7205844309409,259.80932115159726,276.85225573539225
0.6136851795029149,0.0,246.78219004627783,244.98629607292963,258.1843130161182,262.8158765102248,263.5051653037814,259.7140682190355,259.182386346346,273.3637142019715
0.6290273089904879,0.0,248.80835918520236,244.24322470357276,258.6155694664923,265.1437274121165,265.2270939340829,262.89301347154776,258.2829532450667,270.17804076803105
0.6443694384780607,0.0,249.05356034032772,243.38692275884563,258.8919350914876,269.7714738585994,266.63751343583664,266.6084096112564,257.6281037718939,266.8822736800353
0.6597115679656336,0.0,248.4315686878614,242.1546681862304,259.07811154215455,276.0177546907136,268.0668509236521,270.12353905796596,257.7114682114589,263.4715888374893
0.6750536974532064,0.0,247.05175601076067,240.85199067846756,259.2243833155569,283.2670281098458,269.5184317000484,272.4965001404944,258.1228277534667,260.3312675168714
0.6903958269407793,0.0,245.4426232529322,239.6029618102985,259.1394437699877,289.7008225679522,270.7843149504561,273.58179322258366,259.24483545231845,257.4855898964146
0.7057379564283521,0.0,243.96661535239255,238.67111221679832,258.6784021846147,294.4057967593026,271.85803356535746,273.02978643418277,260.757423887309,254.66534516942488
0.7210800859159251,0.0,243.20421549475418,237.55788120648606,257.7785918940918,296.15854679471624,272.9631432578632,271.21356889950164,262.0913393705188,252.0824068546901
0.736422215403498,0.0,242.29239453440553,236.92536472072786,256.3745603511893,295.3091608355895,274.1344943869896,268.9659963577414,262.84416214667215,249.89119700127154
0.7517643448910708,0.0,241.44932649041343,236.37879685835333,254.2867232746965,292.6847011886542,275.2327663966715,267.0259852485722,263.80997921784524,247.8767620769622
0.7671064743786437,0.0,240.83564999049958,235.64075286331683,252.34114404268638,289.3843149272723,276.3518529780127,265.878502532277,263.9927523067436,246.51511976199558
0.7824486038662165,0.0,240.17871120704856,234.41633088692902,250.17258643111634,286.0882216553194,277.5866029798088,264.7884178062351,263.9588042148978,245.63661198042075
0.7977907333537895,0.0,239.6419828431702,233.53558873972332,248.02787375396338,282.74052402189983,278.7732260988018,263.0188091708106,263.39748635998143,244.28985034118068
0.8131328628413623,0.0,238.810618941012,233.2588997297347,245.93137485985199,280.16756704369493,280.4112512961255,260.8269161816854,262.80371958169735,242.09116684376988
0.8284749923289352,0.0,237.46478539080036,232.84978362071294,243.96863874969532,277.74877778224163,281.74547340930576,258.94566416661485,262.09855590202403,238.93402602053445
0.843817121816508,0.0,236.91729500711892,232.62028507624402,242.23858703886378,274.9813699957326,282.74642055985885,258.41570131824295,261.4082330322457,236.35812703962256
0.8591592513040809,0.0,237.1298146642471,232.17116761436742,240.44216673965857,271.57419375503304,283.3042886662391,259.26339986369186,261.1951265116167,235.4727238256479
0.8745013807916537,0.0,238.12963716546372,230.69931479039303,238.87489932702243,267.68540831467226,283.0799389049971,261.53007624670624,260.84152943607273,237.520743356788
0.8898435102792267,0.0,239.83464470975062,229.1282835998224,236.82857322755376,264.3788949781336,282.3926796937447,264.6441087650727,259.98049250098006,243.4026248170349
0.9051856397667996,0.0,241.36301265959426,227.45207206951292,234.8367249066037,262.8158765102248,280.9955249603952,268.1314571727167,259.21765455592447,252.43247696911897
0.9205277692543724,0.0,243.68646449730667,227.4456554785641,232.828733206898,263.5947754010578,279.4071535965896,271.0910911823469,258.2489563463563,263.5698651018779
0.9358698987419453,0.0,245.8900963103046,228.81269904519263,231.29244237354715,267.40961852267515,277.7562063628408,272.6301122410594,257.3773651364197,275.79136960890526
0.9512120282295181,0.0,247.16080341143802,232.09403400910466,229.7135807004419,273.0527910918169,276.1863476853643,272.4358294537691,256.6043120737188,287.4701074756197
0.9665541577170911,0.0,247.97854340615882,237.04852269663428,228.26160922897805,280.18480196001434,274.8349435781963,270.629025786894,256.65732929621294,297.58197301731656
0.9818962872046639,0.0,248.08684313421261,243.6078657306143,226.92421508550686,287.2138063754028,273.4578932366824,267.81342683211113,257.05716444908535,305.0038070601603
0.9972384166922368,0.0,247.3946931020282,250.09019925035724,225.86684645143603,292.66367253843725,272.0731987006911,265.2099636435726,258.3609038504468,309.35259396043745
1.0125805461798096,0.0,246.28522976257932,256.326733541622,225.0897287824658,296.1857960251865,270.1825257712079,263.0986668622511,260.51960312527217,311.18855080837017
1.0279226756673825,0.0,245.44386404175742,260.87047679695826,224.16079083727846,296.8851115392696,268.42628922932636,261.1353776156365,262.78141014538085,311.3159374411947
1.0432648051549553,0.0,244.4709017084589,263.79748603273123,223.13993109393616,295.4193528356108,267.06076216783475,258.9599297427759,264.92437172179626,310.25129181402997
1.0586069346425282,0.0,243.8340913464488,265.46505973292767,221.97116245164244,292.31167280574925,266.4731543399895,256.7919702240659,265.59384658470424,307.8810460788973
1.073949064130101,0.0,243.39337549532877,266.1239561197518,220.91617354933751,289.07372103566416,266.3078735605982,255.26747981230895,265.74667025725546,303.8484079989488
1.0892911936176741,0.0,242.93970411307183,266.4243263150058,220.04734925677374,286.3357579875755,267.0681987379309,255.0502101361751,265.11594142608556,299.0063185716298
1.104633323105247,0.0,242.38262154205788,266.6581519807669,219.07054168764355,283.6806720163132,268.16868116006856,256.5805004821813,264.0100642637018,294.0983541013042
1.1199754525928198,0.0,241.99759067767707,266.44894618864794,218.39709091288265,281.1962892100831,269.44404892089074,259.13800899110225,263.2164383209269,289.31015052655266
1.1353175820803927,0.0,241.55176333538785,265.464079305386,218.08640382020468,279.45356294780413,270.86236326390843,262.4945515874326,262.3304277483137,285.1754396868506
1.1506597115679655,0.0,240.79151817837015,263.77348144976,218.01080772515704,277.5703980059522,271.9586149342152,265.8200857566036,261.7036040234872,281.7683242992675
1.1660018410555384,0.0,239.5433559532437,262.5003033854564,217.3283867213056,275.67821748073726,273.3347991575054,268.4858162987483,261.2035888093621,278.72504952840893
1.1813439705431112,0.0,238.31889495890204,260.68235848850014,216.86989675188582,273.63030872199016,274.21809507511205,269.9014318102284,260.711132134195,275.5818013159837
1.196686100030684,0.0,237.44999680795448,259.16171691851616,216.29097593128736,272.12878306670086,275.0442981628933,269.89716594628993,259.9856219634597,272.59008177776803
1.212028229518257,0.0,236.91729500711892,257.64933893755284,215.70310915305163,270.4966801990403,275.86786916793847,268.2692549512211,259.3871131384655,269.93165236822983
1.2273703590058298,0.0,237.19670605345215,256.61183333284646,214.65065468414957,268.091517323315,277.31055819089164,266.01843276347336,258.4162317059032,267.4968091354167
1.2427124884934027,0.0,238.79510400970494,255.8109425975273,213.87517252782771,265.484647169594,278.2514105842301,264.16161271194926,258.2465101327475,265.26927481729865
1.2580546179809757,0.0,240.6899786412171,254.92513086952124,213.35304495363985,263.4361645907371,278.70892214131567,263.13015662888034,258.2262058911166,263.0865977701005
1.2733967474685486,0.0,242.818100988501,253.82485717433636,212.86348800978374,262.8158765102248,279.39075261548714,262.22415313030115,259.49749402371606,261.07805782876403
1.2887388769561214,0.0,244.6984428299613,253.27182448928767,212.4106118047416,262.38862861458125,280.12617114442924,260.64583924503864,260.7398349600184,259.12925275986424
1.3040810064436943,0.0,245.83254468854977,252.10800564952572,211.90177372212747,264.20959683895916,281.1229627510643,258.61711087951977,261.713011162931,257.43417709877093
1.3194231359312671,0.0,246.37943652097684,251.31777760584862,211.17222410545622,269.1729877433152,281.7964964499938,257.0669523963493,262.7012369971437,256.0703198637644
1.33476526541884,0.0,246.28894294627696,249.94660973672052,210.46439272420588,276.01542256691545,282.1957515236964,256.75946700841365,263.28577984594284,254.66758268074526
1.3501073949064128,0.0,245.3699759482202,248.16368980615312,209.9355087139334,284.48045816771645,282.3994582031578,258.05815520981446,264.13395732418394,253.2590548961276
1.3654495243939857,0.0,244.19125574089642,247.05640305992767,209.6875545968855,292.2645350041223,282.30260967553204,260.6507780140967,263.89175679536805,252.50493157787716
1.3807916538815586,0.0,243.06379273274473,245.43213178964683,209.25617199953882,297.74793321244334,281.65076874995174,264.2723408755178,263.4481764810046,251.37020413496077
1.3961337833691314,0.0,242.48770383741066,244.33961584021168,208.8911121265782,300.5305247477071,280.45748285514026,268.10207875573167,262.97842933105915,250.35903462924315
1.4114759128567043,0.0,241.91336959716378,243.85352670469777,208.60089364344873,300.3063673877721,279.07850246305026,271.43751631307515,262.3038165026231,249.37455870847015
1.4268180423442773,0.0,241.54944885585874,243.42895414843724,208.05769269874483,297.44258918147455,277.51960960592794,273.12980522609286,261.84488466434317,248.36185863786147
1.4421601718318502,0.0,241.46648099758582,243.06908673595552,207.7400657360026,293.94346369030694,275.9139554811552,273.3459136984709,261.17349837110714,247.44373249463152
1.457502301319423,0.0,241.45928750210916,242.09471996747874,208.17127893734425,289.72272710165385,274.1012172168229,271.788038719291,260.82705118437553,246.74594130054163
1.472844430806996,0.0,240.75738908214456,241.09639563226546,208.98568164680185,285.7543981568744,272.2953845749572,269.25708635790426,260.03391476877164,246.17397425818757
1.4881865602945687,0.0,240.00944739211332,240.00037756488067,211.1700179932965,282.1303549054299,270.8729917578704,266.7144471241765,258.8619631779198,245.68101445829785
1.5035286897821416,0.0,239.59617090819384,239.03947150737412,214.84727423710882,278.25627717714207,269.4436942217584,264.7230662313302,257.6088314874057,245.17746695049615
1.5188708192697145,0.0,240.0494072866027,237.94755952004897,219.7211370869386,274.67242360970755,267.8366492088273,262.88485695637775,256.9673453397109,244.54510692650328
1.5342129487572873,0.0,241.15293432882322,237.05926741521384,225.17024285698034,270.52983859694257,266.38348146773063,260.8114384601636,256.65732929621294,243.9283373472793
1.5495550782448602,0.0,242.78503444271178,236.6902333489657,231.0888510775283,265.9484628716229,264.73685728825586,258.9344675215553,257.21705245241674,243.1379123853041
1.564897207732433,0.0,244.85484365353125,237.07759925597873,236.6409186146481,262.8158765102248,263.44294540790406,257.83089837630513,257.92490229427585,242.53219824320203
1.5802393372200059,0.0,247.15198169873685,237.2348645543529,241.3069755631131,263.5056497371501,262.45243602189873,258.0668739018264,259.91097021313794,242.01085909917015
1.595581466707579,0.0,249.17607610398903,237.11541261696271,244.96626819490496,267.0472411128984,261.6554019690768,259.76095894896036,262.0822731918267,241.3511477190277
1.6109235961951518,0.0,250.22385793528366,236.36777880270003,247.8242675175583,272.4195877474565,261.70634142578797,262.4189115913023,263.8527864544058,240.80991876710743
1.6262657256827246,0.0,250.39366750781505,235.86058247154753,249.97742486268294,279.14776445232735,261.98738689804367,265.3884394545195,264.8115504988514,240.53548446965962
1.6416078551702975,0.0,249.86130138906333,235.17823421234897,251.48569286303103,285.2957298947686,262.77277386613764,267.84716142205315,265.00241070845266,241.11422945754495
1.6569499846578704,0.0,248.88754396414316,234.4183856176421,252.9581381122247,290.2551168821487,264.06157825382235,269.4499525581304,264.4298270297372,241.44205495430077
1.6722921141454432,0.0,247.90376027897383,234.29374583209398,254.09157368604522,292.5466392770057,265.9203527690934,269.4846291104492,262.8727098795773,240.70855515054976
1.687634243633016,0.0,247.03584914398402,233.96653533391043,254.80386565326768,292.258464755136,267.5944057570573,267.9776435287945,261.0195294603591,238.47040505223717
1.702976373120589,0.0,246.1441123529007,233.5768199794853,255.03847364783132,290.3052833761152,269.43273229647815,265.7128818688168,259.66184810458236,236.09341871666027
1.7183185026081618,0.0,245.34984906258572,233.52527624452225,254.99102367647978,286.9902123471179,270.5025825396475,263.2798854316058,258.9432745099688,235.4727238256479
1.7336606320957346,0.0,244.43048700912647,232.83552024205662,254.46657069864645,283.6931615022571,271.16709761494894,261.24218975013713,258.38747088425566,237.79129774215374
1.7490027615833075,0.0,243.83360508338347,232.51312968284097,253.54047499905644,281.0370438375585,272.03565012522427,259.8253604974922,257.59801614058836,244.10033782432873
1.7643448910708805,0.0,243.5629254468443,232.08540996391525,252.5329962673966,278.8334383148269,273.3735662865381,258.2505476159232,257.102430398261,254.7124037283148
1.7796870205584534,0.0,243.55705461226475,231.56997761183857,250.78512185403986,277.08417770192415,274.6693248915985,256.3928158279105,256.65732929621294,268.23769954951337
1.7950291500460263,0.0,243.2565395772737,231.35178673966348,248.7960364281174,275.7217123478777,276.15122233769637,255.17827528116743,256.71343495064826,283.3522387953908
1.810371279533599,0.0,243.0452351338228,231.15051847219988,246.76779659130025,273.6086834375043,277.5730933222644,255.0502101361751,256.84062483109403,297.6268525151965
1.825713409021172,0.0,242.61155641990527,230.9831902170401,244.68461262787693,272.4429168994546,278.84533413224926,256.46668269247385,257.5327465622192,309.3245993605803
1.8410555385087448,0.0,242.0676521729047,230.6030299544287,242.29382661928688,271.45428259225946,280.2870816481983,259.14571529480617,259.0220654153284,317.6961600400801
1.8563976679963177,0.0,240.6788236673648,230.10680501002471,240.06518581555537,269.5246283994556,280.8414593696995,262.7950292083021,260.7195729051058,322.34223193252404
1.8717397974838905,0.0,238.8758733529467,229.90461885133624,237.73661420572512,266.78534225683694,281.39959498983455,266.65207112741354,262.49250356370266,324.30096973028316
1.8870819269714634,0.0,237.43893247219245,229.73137206215583,235.72818300632548,264.3265262963259,281.70917219235207,269.88180312121636,264.17511983052793,324.8352303477142
1.9024240564590362,0.0,236.91729500711892,229.7592877691005,234.1969376180102,263.1019490565692,281.62127833081183,271.78542603576057,265.0227950184154,324.925028953446
1.917766185946609,0.0,237.98971405148725,229.84755062674367,233.09300898445665,262.8158765102248,281.73026317269785,271.96550458412565,265.10147163599447,324.3418451755992
1.9331083154341822,0.0,240.45920289357096,229.99282436411977,232.29549830838255,263.766267594191,281.45780123412476,270.6767974332572,264.5851770867182,321.85478670655675
1.948450444921755,0.0,243.20190887861523,230.00361223818857,231.30417855472385,266.92651948673864,280.80632654258625,268.5365451730784,263.8637701278842,318.08254666844056
1.9637925744093279,0.0,246.12827695510802,230.31997685001346,230.5415176238166,272.92281082688135,279.64314080894036,266.4579993631206,263.1868627960255,313.3603046177423
1.9791347038969007,0.0,248.82022007104715,230.39680745442234,229.65844210474089,279.90638462770096,278.21323741601793,264.6208468760201,262.5372529897357,308.294479415884
1.9944768333844736,0.0,250.90961077718168,230.22075666873587,228.9260984794778,287.2171989473325,276.09962342102335,262.7562423030472,261.91110326273156,303.42474674094893
2.0098189628720466,0.0,251.58183267897837,229.78154467278767,227.86092170188462,293.33873747334667,274.3160389412779,260.9851787326666,261.25265402546023,298.5797959560041
2.0251610923596193,0.0,250.9389827611771,229.529070164135,226.97408988185293,296.93289338677135,272.7547102634397,259.39821957343287,260.7627317115089,294.34178008505467
2.0405032218471923,0.0,249.13122542494185,229.1283958346604,225.94349872128691,297.96497313081375,271.1431387885735,258.65627528148246,260.1166414560414,290.6576904685916
2.055845351334765,0.0,247.73953382462955,229.33829872538237,225.09125140475427,296.4573719383044,269.2712209204528,259.4095130125739,259.3240707218368,287.1248386311032
2.071187480822338,0.0,246.56879604525972,229.2742156830156,224.63273232882185,293.44190982175496,267.325495567397,261.5967150134335,258.9172293879472,283.84591434017955
2.0865296103099107,0.0,245.8164387395999,228.53048812537645,224.22632032603394,289.96268491887184,265.2105374899075,264.5948944245938,259.10648682867827,280.55600025145264
2.1018717397974838,0.0,245.42024059097827,227.9089341071801,223.6973258416095,286.61998920985263,263.47542773310005,267.8535629838007,260.2052533404887,277.8309378850208
2.1172138692850564,0.0,245.20629390394197,227.4456554785641,223.11937230575987,283.0203110282213,262.36257660666394,270.6247063851578,261.59814208940077,275.2800310680824
2.1325559987726295,0.0,244.69944766528297,227.62470106974465,222.29997868562617,280.12451078591147,261.70634142578797,272.44816821256546,263.1784854966221,272.8399907648397
2.147898128260202,0.0,244.28892204452043,229.04980399362375,221.29881653066823,278.1152527845798,262.45609294496205,272.77227972176297,264.80837751085147,270.53089807162627
2.163240257747775,0.0,243.73900353924287,232.71350493462154,220.1303154672067,275.59688451373245,263.4529334552132,271.56469440315686,265.20768696745455,268.2008587433534
2.1785823872353482,0.0,242.8701152417042,238.1605329992517,219.1920262788453,272.06055189713754,264.88262178475264,269.07775754839076,265.31423208920825,265.9958381415991
2.193924516722921,0.0,241.82179618705896,244.4948073676661,218.40877373960828,268.5907021894394,266.36767664166155,266.4276632765821,264.75973742830075,264.01693082238245
2.209266646210494,0.0,240.66550849338134,251.21356284379735,217.9108159629981,265.12899640887093,267.4271510223739,264.34209513590156,263.9068608119777,262.1909167155149
2.2246087756980666,0.0,239.82065431601026,257.6402481046698,217.68746815012148,262.8158765102248,268.15193897869585,263.03454486883976,262.8957009204594,260.6551265974976
2.2399509051856397,0.0,239.97056888199788,263.036250185969,217.37303209852703,263.3741580572203,268.5639218629134,261.7507511664074,262.0637648691825,259.21474850361756
2.2552930346732123,0.0,239.49376625615662,266.67307442986646,217.23300559544037,267.06703175093213,268.8987905500688,259.61342240102323,261.47668181001393,257.8026438560094
2.2706351641607854,0.0,238.55475508143792,269.0614140327932,217.0243679953641,273.16614876275173,269.51022832650216,257.4384984494207,261.17301306825175,256.47885587828443
2.285977293648358,0.0,237.4851473762984,270.0131074205006,216.67669379208033,280.21185814744723,270.1058061413305,255.75520552283788,260.6518668042542,255.003809309297
2.301319423135931,0.0,236.91729500711892,269.7853231158992,216.22084166648884,287.04237313779345,270.97844396960807,255.24608752701315,259.7903749057632,253.8639500372464
2.3166615526235037,0.0,237.41485852487088,269.54608977079727,215.72177423684147,291.9734598291607,272.1472502240894,256.466363726027,259.0050090593501,252.76006927549662
2.332003682111077,0.0,238.77157193805948,268.8418992959658,215.26766084176052,294.4417940165277,273.6279248753881,259.10227385312396,258.5139376052424,251.7188330653699
2.34734581159865,0.0,240.6058475576625,267.5137603666453,214.56799278575093,293.9626267657381,275.24512784722236,262.67769496841566,258.48620865559434,250.83506261744265
2.3626879410862225,0.0,242.96772898299665,265.8441078641071,214.03059351191126,291.286249021841,276.6476870903571,266.2569154145935,259.46169506788766,249.81008476777214
2.3780300705737956,0.0,245.71018375467546,264.0145221274485,213.61110605910233,287.69610546103974,277.9576253186352,269.1502639167199,260.6347475526522,248.78038901822316
2.393372200061368,0.0,247.82422294012616,261.9111333379359,213.0806175636871,284.12550183671186,278.4982248830541,270.8565140055875,262.2981304170341,247.7869316409999
2.4087143295489413,0.0,248.9218744618587,260.21905164853985,212.44167669651972,281.0312527231708,277.99235076298754,270.86943483801815,263.905983948402,246.79897184626793
2.424056459036514,0.0,248.6554108830106,259.1391348809008,211.93910861277155,278.717078487472,277.0276437957654,269.27178676248644,264.85015290757696,245.79088202925806
2.439398588524087,0.0,247.57147748910796,257.9205150778272,211.4584666084247,276.1719775932278,275.25936839619067,266.71297677744764,265.03322458931297,244.6940586336247
2.4547407180116596,0.0,245.99874611740864,256.4806230518554,211.12143498540118,274.0123161115957,273.50755902048996,264.0069238071101,265.0651515439777,243.78923847449366
2.4700828474992327,0.0,244.77592449700344,255.10712523427046,210.71664824593017,270.48703571431525,271.58614207111594,262.30024086761966,264.44748523440023,243.05613467697188
2.4854249769868053,0.0,244.39032971779204,253.4582011243272,210.33462154902148,266.5528523211892,269.66844106425157,261.16436894590146,263.732329217988,242.17055530984635
2.5007671064743784,0.0,244.1175137357822,252.0660591373452,209.73570204402472,263.9812979422135,268.1554948667859,259.9266780221348,263.0394861243747,242.00181725352545
2.5161092359619515,0.0,243.62271233840482,250.75659300356836,209.20680259668092,262.8158765102248,267.4193023177959,258.015491371628,262.54601186488867,242.32962407908255
2.531451365449524,0.0,242.624471999293,249.38037992610538,209.49303512831352,264.24071115052965,266.6113296528916,256.0912886456959,262.1437450384677,241.68378668418967
2.546793494937097,0.0,241.90360381500332,247.8367167577725,209.4065079270639,268.08335722364313,265.5985108538874,255.0502101361751,261.69291154179933,239.82252797456113
2.56213562442467,0.0,241.28768558665251,246.22002965524115,209.43226805110206,273.3265715365141,264.6147071455813,255.35828075861227,260.5609781442416,237.20108466041557
2.577477753912243,0.0,240.54951622225872,244.76305156758656,208.89371219545646,279.6950524661322,263.4993937722891,257.37770795045736,259.36797783295725,235.4727238256479
2.5928198833998155,0.0,239.97870551157243,243.76403665670372,208.24024849360254,285.33339097648013,262.6907128876804,260.5980225851261,258.239840667969,236.10442178096002
2.6081620128873886,0.0,239.36322178106894,242.6885601751368,207.7400657360026,290.15284179491584,261.9546959978841,264.45661295998883,256.9861242804783,240.33440509627013
2.623504142374961,0.0,238.65854370864866,241.75335942852635,208.66850026309675,292.9869044571815,261.70634142578797,268.22342692159094,256.65732929621294,248.74015539802733
2.6388462718625343,0.0,237.47180549690458,241.17169649729254,210.82190499461979,292.90878491008596,262.1708501161491,270.9265731490865,257.3120798464117,260.6006045488026
2.654188401350107,0.0,237.15922517623457,240.35276221757985,214.71332551443626,291.11270172432137,262.8350414637691,272.40272603044815,258.15571285397436,274.7623874646395
2.66953053083768,0.0,236.91729500711892,239.5821485103561,220.4294623349759,288.21521342613795,263.94162682912565,272.2251818994347,259.8886041040218,289.35961900861776
2.684872660325253,0.0,237.0344186455435,239.06043650959415,227.36416642530656,285.0488784560602,265.6705014053427,270.6256419690321,261.54478539166354,301.97070768108665
2.7002147898128257,0.0,238.37403436241934,238.29061908074488,234.6683938141127,281.8819641481955,267.57129554388706,268.4517116339786,262.90430441639484,311.990515493326
2.7155569193003988,0.0,240.5506672862897,237.37367748236676,241.80477849885318,278.34869781309726,269.41377994211894,266.59933573529844,264.0867457428466,318.7144527886881
2.7308990487879714,0.0,243.167151559875,236.74416948020928,247.66087304139876,275.58929984148756,271.1805541774793,265.35655491466105,264.40183580851715,322.25329247534705
2.7462411782755445,0.0,245.80040958586366,235.6375741315119,251.98824633032888,272.86519372910897,272.1595243787508,264.3645427945948,264.0991204177455,323.6376261624746
2.761583307763117,0.0,247.58855400070198,234.62741168936813,254.99979050283534,271.1395311761474,273.09732917604975,262.59467231226046,263.49755222636117,324.01224825467926
2.77692543725069,0.0,248.3181455962071,233.91605877038282,256.9201451420402,269.41717301406044,274.318249991149,260.5701640338277,262.9108198970998,323.9331493308129
2.792267566738263,0.0,247.9344439997423,233.26881527308632,258.03166459397454,267.64512867662756,275.45890972981266,258.87350114070233,262.0748740462857,322.31353160377887
2.807609696225836,0.0,247.1332108201792,232.62800720865246,258.7830532070104,266.09666075968846,276.33739765555066,258.6258646539837,261.1668153455099,318.85442011596274
2.8229518257134085,0.0,246.03964902229077,232.20680018464125,258.756531613363,264.3272439266553,277.4713945484356,260.0247862133499,259.80515299768183,314.4659998027435
2.8382939552009816,0.0,244.85181622021457,231.33648815290113,258.52156999028654,262.8158765102248,278.73945130536725,262.8488927925055,258.78204280953855,309.6681006715223
2.8536360846885547,0.0,243.67253762398926,229.6142489666007,257.91005141844573,263.1953027118278,279.795813073841,266.1591123754221,257.7140817246568,304.68933501227866
2.8689782141761273,0.0,242.7213413752482,228.0040965573983,257.6491024048235,265.1833935930133,280.5304176558401,269.53677391508603,256.9738550707563,300.13949211591506
2.8843203436637004,0.0,241.80037920076177,227.4456554785641,257.3372962940039,270.27236725515854,280.31969809006824,272.1738127777568,256.65732929621294,295.95575310873744
2.899662473151273,0.0,241.42770776117433,228.73687335297853,256.9422318758969,276.3616615429665,279.8264538377721,273.30400693914174,257.27387022798587,292.2984155826906
2.915004602638846,0.0,241.2799707864707,231.96269365250646,256.13549214386103,282.99658319845844,278.8274136766884,272.79564373948546,258.1181882667353,288.8509754653405
2.9303467321264187,0.0,241.3735186603364,236.85615760352448,255.1989313067275,289.65362478074934,277.0675534975808,271.0494869336381,259.5493047305069,285.4951803159852
2.945688861613992,0.0,241.05897267399004,243.32081873675781,253.65436241623817,294.2605793658679,275.5337820012105,268.4495303286513,261.26429697440216,282.1215321894565
2.9610309911015644,0.0,240.683721960419,250.16750125391604,251.50697761407727,296.5884505155134,273.9164248155472,266.11558656486795,262.5975585466806,278.7606122385118
2.9763731205891375,0.0,239.82472140125395,256.34335759130414,249.0862721207992,295.9198817859693,272.320155252633,264.0833588639739,263.6570230286012,275.9048873370059
2.99171525007671,0.0,238.61155245231825,261.38470708620815,246.83047365104937,293.33660782788354,270.9608219285657,262.0955315490614,264.2151255793184,273.0658288633448
3.007057379564283,0.0,237.4098355120587,264.29045728813435,244.5902254735826,290.01287241199543,269.06102978972865,259.82915890004847,263.76737311205187,270.58513951165986
3.0223995090518563,0.0,236.91729500711892,265.65596207269874,242.8447634655309,286.4678070204069,267.1700971627385,257.9299539606721,263.2361633006307,268.45166617720423
3.037741638539429,0.0,237.1290106917613,265.7065245374815,241.22870074348458,283.19210205765455,265.46527558928545,257.0988145305793,261.998562282901,266.6251464317888
3.053083768027002,0.0,238.73276307919954,265.14340186963,239.58746555560964,280.79053668030156,263.8051948394976,257.92567872685845,261.1453070783673,265.00497626935896
3.0684258975145746,0.0,241.13646032834598,264.36012724813503,238.1327311405285,278.55376130965107,262.3989624005296,260.1096915074599,260.31325865661944,263.27984269256325
3.0837680270021477,0.0,243.83163221023327,263.3041895473831,236.5599938200602,276.37235760139106,261.67584807753775,263.33046580217155,259.63920645889954,261.61865064923813
3.0991101564897203,0.0,246.30452601556388,262.02348098971817,234.72069958794108,273.81502898542055,261.70634142578797,266.5140431127339,258.70603547290125,260.16168760433817
3.1144522859772934,0.0,247.6442121570206,259.96893057370863,233.1138277725458,271.0143276517082,262.31939056928195,269.0284175730666,258.35076386662183,258.5557704958622
3.129794415464866,0.0,247.830872201987,258.1835582727942,231.76780768513532,268.4853255090659,263.3425408045895,270.37796043742804,257.4584567422629,256.79094604687623
3.145136544952439,0.0,247.33561407476907,257.0205698554592,230.260146893218,265.4279213107514,264.7324930558245,270.16473200678826,256.98287754711293,255.29678695644964
3.1604786744400117,0.0,246.52008686812925,256.10112917319714,228.86038275039041,263.6169418348534,266.52470634126263,268.5945181703107,256.65732929621294,253.80337293328355
3.175820803927585,0.0,245.86894116817757,255.2832873845845,227.80746539814646,262.8158765102248,268.1372178192215,266.08614822698337,257.3014877114596,252.68405989071988
3.191162933415158,0.0,245.39316236980642,254.4051443192385,226.91891524913518,265.0916062777312,269.44586826401724,263.74875979682344,258.35895207791077,251.6207816036178
3.2065050629027305,0.0,244.9455130339612,253.52147269138425,226.11128324072698,270.1407884310882,270.7083463457718,262.1402009247058,259.8018143133241,250.68221511328028
3.2218471923903036,0.0,244.92409925646658,252.68565672369294,224.9468880876315,276.8231301717506,271.76542846174306,260.879399497127,261.3593955237012,249.6935298973852
3.2371893218778762,0.0,244.73018988062165,252.04166991722283,223.76073657303266,284.27172169186144,272.60952613813356,259.32540734412754,262.98289499173853,248.9168045550383
3.2525314513654493,0.0,244.02820556109037,250.88962220777066,222.8757837761562,290.76558006153306,273.5272614496059,257.072770184369,264.1383974410257,247.9591275355234
3.267873580853022,0.0,243.54945285058423,249.65818883434167,221.96504358405997,295.52443837215446,274.3428111367348,254.88302475410217,264.3329342606213,247.01505010580019
3.283215710340595,0.0,242.52397214512035,248.40845304668184,220.79598771856382,297.79464425245783,275.5237449569691,253.6693478078607,264.18059448546524,246.066727229082
3.2985578398281676,0.0,241.50950531395884,247.6106544394511,219.84713476031226,297.6927627196691,276.73216777525784,254.02879491909732,263.8835634036274,245.20976538727203
3.3138999693157407,0.0,240.14231199547865,246.40687417126034,218.89460998975005,295.66659027965113,277.811739962576,255.98566640934115,263.17140547450157,244.32315202553661
3.3292420988033133,0.0,239.1418945394267,245.65451181824497,218.19687914094865,293.071259848534,278.9755546300582,258.95566023972196,262.76547564059206,243.2158189620533
3.3445842282908864,0.0,237.9072763208933,244.88290369986467,217.49049096515927,289.72857578938135,279.84921653757124,262.48981921160595,262.13783085827436,242.4657663240359
3.3599263577784595,0.0,237.19016126155856,244.00872752714608,216.6905957418907,286.86421981264175,280.403066766475,265.6522631258083,261.5041406644806,242.14013029451021
3.375268487266032,0.0,236.91729500711892,243.01961267828182,215.7014161614931,284.1198389096349,280.28967082131084,267.74373993437285,260.6088031015874,241.33156350659684
3.390610616753605,0.0,237.6325829878082,242.0890879813947,214.80315834194255,280.9024898238887,279.59803994894094,268.40679661212897,259.51353057838924,240.82000702996396
3.405952746241178,0.0,239.32212106005915,241.3799611893266,213.89177460258358,277.8784778918903,278.06521759659955,267.519441056684,258.04897881431407,241.1891515816028
3.421294875728751,0.0,241.5359433094957,240.64449211998038,212.97764788061218,275.21342067939713,276.22728481214114,265.0960430565254,257.19907140964403,241.63122313740274
3.4366370052163235,0.0,243.9041225188737,239.69738644756694,212.378921035517,273.21346912160715,274.1163361595762,262.48864454745365,256.65732929621294,240.7718643427063
3.4519791347038966,0.0,246.10994200488287,238.77635951610375,212.23392055791552,270.7032713553246,272.092659998602,260.2955650033441,256.8282655296589,238.71309441581164
3.4673212641914692,0.0,247.56788952468025,238.18710196313566,212.12121767714268,268.26561941637345,270.7019976600023,258.81390127645926,257.4964164499958,236.43669149632828
3.4826633936790423,0.0,248.3524395376565,237.79394125060452,211.83718395089625,265.9061505948869,269.22109605751615,257.1236420628803,259.1540129480499,235.4727238256479
3.498005523166615,0.0,248.30104539470972,237.17373519788129,211.55812905150177,263.8320555671118,267.4934424999275,254.89275553055253,261.07581367466537,236.6900691529071
3.513347652654188,0.0,247.38718415085938,236.4747205777491,211.58139697358789,262.8158765102248,266.07818674030756,252.60717868875398,263.0653261771348,241.6579965128039
3.528689782141761,0.0,246.51508590035917,235.90135791367015,211.50254819536187,263.0794411929938,264.56723820049194,251.01584525945103,264.5652862613692,250.1089410122343
3.5440319116293337,0.0,245.65194351088604,235.84837503550338,211.0782513138718,266.43976800792603,263.25992924515094,250.8473430594002,265.12588168047415,261.96855722254804
3.559374041116907,0.0,244.79377838265992,235.69224444295074,210.88994729147848,272.50200868731224,262.22356434288815,252.3434169977657,265.09156581354017,275.43956793452736
3.5747161706044794,0.0,244.5612908580352,235.42361674091327,210.78422299715376,279.41555637425716,261.70634142578797,255.16271460714236,264.476195118908,288.3667949318176
3.5900583000920525,0.0,244.07136852389976,235.30086711492982,210.69563126984986,287.1314600402581,262.2028052417239,258.74361529880184,263.46503389835647,298.9273871293794
3.605400429579625,0.0,243.48177482880808,234.96283445994965,210.69609681676448,293.12846174138434,262.76636446227974,262.25380498857805,262.2778107348609,306.41805749297004
3.620742559067198,0.0,242.8373415483037,234.24591552035096,210.7592903908128,296.31577844447986,263.74746489486074,264.8810063747716,261.4516260090723,310.9113415690123
3.636084688554771,0.0,242.3050022256946,233.4140540151379,210.46204027523817,296.583426071524,264.8676049633694,265.96063871356273,260.7616176335566,313.0218726950685
3.651426818042344,0.0,241.8444612721351,232.65130241528294,209.89118328500453,294.108856791203,265.9646911664378,265.4846249790376,260.3074669406321,314.085711468634
3.6667689475299166,0.0,241.5441211041205,231.8683074912903,209.22975147040063,290.52839726684726,267.14717117674036,263.62074409606777,259.9587783836134,315.1916228851956
3.6821110770174896,0.0,240.07975544708177,231.6075655816616,208.3133148044191,286.6301152614123,267.918842012161,260.9793002705354,259.0566223025204,315.58477090448827
3.6974532065050627,0.0,238.83338900318873,231.4211689980663,207.7400657360026,282.8134072243078,268.63050992294507,258.60850287841413,258.2498762208603,314.2539495647103
3.7127953359926353,0.0,237.61216937860033,231.15531340811677,207.91678049126932,280.0676608859491,269.2123899961596,257.16537517612517,258.00494047637955,311.1066670199378
3.7281374654802084,0.0,237.00347612611515,231.3493154536017,209.2163174820496,277.58907382286975,270.2807549626859,255.7606425561384,258.4699826760374,306.7957919706684
3.743479594967781,0.0,236.91729500711892,231.58089210039762,211.52626891282836,275.2953775371368,271.491367158027,253.92446515820248,259.38272216753785,301.62702093553844
3.758821724455354,0.0,237.64007335114766,231.171361199325,215.90697834806187,272.1432910360169,272.4062778797975,251.77526800914742,260.7897059378335,295.81275280166926
3.7741638539429267,0.0,239.28638280289616,230.33272372369964,221.89846265939124,268.18168165093863,273.58759218061306,250.11278359480755,262.38662120619966,289.9717902217979
3.7895059834305,0.0,241.59575531582306,229.05732867582915,228.333071503756,264.7554490451589,274.9206147604775,249.6675423745172,263.6665517985787,284.70902186805625
3.8048481129180725,0.0,243.6335111135279,227.79090337752731,234.50745325928165,262.8158765102248,275.9909489193946,250.72280545706823,264.3060840527012,280.2035542917669
3.8201902424056455,0.0,245.43256235503125,227.4456554785641,240.2003241076614,263.0198113670892,276.8639892489642,253.10650631361312,264.1844838380663,276.45366375862653
3.835532371893218,0.0,246.98101217204513,229.23452735013998,245.24812871270692,266.10290967032483,277.5498991494479,256.33464149130793,263.9116366676118,272.67775133309425
3.8508745013807912,0.0,247.41317528656305,233.27192934049822,248.9716727679868,271.2219698997042,277.81327770427964,259.6618146512279,262.91916203413757,269.0726018925412
3.8662166308683643,0.0,246.9977152698475,238.79821247137616,252.09457864735606,277.6410078774569,276.9865544878949,262.31220818777206,261.4632336370592,265.519266215556
3.881558760355937,0.0,246.49136498668713,245.47609975135924,254.34202585588778,283.6225393573256,275.82131867886807,263.7490187751284,260.62377780857526,262.2560981963317
3.89690088984351,0.0,245.84438355026546,252.12458956831017,255.7835602397575,288.823481807661,274.3805944818681,263.4905875062709,260.4051250360235,259.1526614690131
3.9122430193310826,0.0,245.77548289173185,257.7003454101791,256.5071198745993,291.3384038813909,272.743936159115,261.78336764499863,260.28955881432955,256.2855241462179
3.9275851488186557,0.0,245.38622832033667,262.1852838430457,256.9654104571354,291.44015567386793,271.36308241590996,259.61485477121977,260.0488298307522,253.4155930107513
3.9429272783062284,0.0,244.4664247929579,264.8432070442133,257.1382785765388,289.00223650528625,269.82544115767445,257.51738166598227,259.1217642286177,250.6374385707806
3.9582694077938014,0.0,242.99541249282007,265.74969201109974,256.955809295998,285.165450556713,268.1468785126773,255.63263903806944,258.1293899790799,248.42363583997061
3.973611537281374,0.0,241.86267721082447,265.5756931258029,256.1637014840075,281.6811641769276,266.6534011594632,253.8971245553756,257.30638440743064,246.459438307259
3.988953666768947,0.0,240.59194847862273,265.274787774441,255.2393301147596,278.5879959113994,264.8486974775034,252.12734955829265,256.8217464470882,244.0680448940669
4.00429579625652,0.0,239.56954466332587,265.05041201062,254.1157524227796,275.6928918135063,263.18069733077164,250.34219659958467,256.65732929621294,241.0559411756072
4.019637925744093,0.0,238.63207979849585,264.6510502980758,253.43209501664967,272.9953245589246,261.2788366442541,249.50364674973596,257.2039830893503,237.82274445510825
4.0349800552316655,0.0,237.9150446184261,263.6424220678158,252.56381014431295,269.73214174565226,259.5889160920811,250.15599510142602,258.333973219097,235.4727238256479
4.0503221847192385,0.0,237.1594541416963,262.25755104380715,250.89736038823187,266.688840034408,258.60027948073787,252.05971780436047,259.7397487910216,235.5884384817332
4.065664314206812,0.0,236.91729500711892,260.2240042172379,248.76854893914697,263.86091133640593,258.01524207921676,254.9026356983655,261.3094057921418,238.6623636153378
4.081006443694385,0.0,237.09173566690131,258.423856017053,246.44550042012247,262.8158765102248,258.2166048292535,257.77656767158726,262.76463828183944,244.68552541838554
4.096348573181957,0.0,238.3804072869611,257.0822336797097,243.86489942400718,263.99912010376596,259.2450191362853,260.2584607924027,263.5921646187005,253.27426225542655
4.11169070266953,0.0,239.7522861527585,256.30152846902934,241.3771792249841,267.9717782396374,260.62124702313236,261.71965591077935,263.63372396872455,263.3562133555113
4.127032832157103,0.0,241.411625902943,255.38999099666015,239.2150467372117,273.9281233939832,262.31365606503743,261.64517772035924,262.99011873148856,273.90925686551236
4.142374961644676,0.0,243.54521192676762,254.27663867362742,237.5919420946636,281.12542292769837,263.72565238384146,260.2122669119134,262.3398324749689,283.3238224476855
4.157717091132248,0.0,245.54667693144035,253.42250073390957,235.59555039778672,288.03072273489954,264.97936963540144,257.9063317260094,261.7674548018346,290.964039547158
4.173059220619821,0.0,246.80047478659543,252.3251297821219,234.0732918191945,293.1583799950429,266.18930621022474,255.4771244158565,261.02540666979047,296.0899788072991
4.1884013501073944,0.0,247.21008621266705,251.66467125871443,232.68482593840153,296.2183192442469,267.4217264010445,253.71860824444317,260.89227281566576,298.8642243015029
4.2037434795949675,0.0,246.18034186459454,250.33767312819373,231.39163246642107,296.7292716849475,268.40693967742845,252.21947693775803,260.156961338913,299.7458756289477
4.219085609082541,0.0,244.92609244659803,248.60909580114017,229.8378805379803,294.7964842558673,269.22066941119624,250.3018445317425,259.45683375823694,299.5189386648592
4.234427738570113,0.0,243.70726555498476,247.00667561326537,227.79815804082193,292.0184667697679,269.7542455671408,248.34669368544778,258.78141923919145,298.3298347475573
4.249769868057686,0.0,242.5862917136926,245.9450904506138,225.95379319558342,288.6661918912394,270.1956260660269,246.89014903143575,258.1389787052734,295.66927923346697
4.265111997545259,0.0,241.78533437422035,244.79122295523734,224.41686393732053,285.5006889134666,270.41766403520216,246.64699393301288,258.1428516328598,291.73624307338076
4.280454127032832,0.0,241.34206746062637,244.2067413295896,223.01296275657614,282.26972156512215,271.025686884711,247.84983716398332,258.3089898939178,287.3057113281527
4.295796256520404,0.0,240.8784704738213,243.71256725020697,222.17195750293513,279.45737844584045,271.51513089034427,250.4653446079257,259.4173907085776,282.61766671410174
4.311138386007977,0.0,240.62408919254196,242.92693682285844,221.00349914390708,276.97089867359966,271.9517877563372,253.79409952619466,260.67382465827177,278.1893795193497
4.32648051549555,0.0,240.56512500702996,242.0534062588789,220.2393666120957,274.7404256913269,272.2575510872582,256.93888828262885,262.0205521274919,274.0193365594836
4.341822644983123,0.0,240.187126897437,241.21549616907166,219.63173159824169,272.86635250537785,272.1109934771978,259.43371759061745,263.35618114604256,270.617607489046
4.3571647744706965,0.0,239.27661724801933,240.33999215841865,218.81271285747016,270.818371631543,271.63942218919726,260.66656845056855,264.1481226576211,267.23895863184293
4.372506903958269,0.0,237.98781675582572,239.15276394312662,218.13589571748852,268.249286593303,271.02226267058785,260.5439760289455,264.32628892205776,264.21325604728577
4.387849033445842,0.0,236.91729500711892,238.08894923107823,217.22178101511608,266.3957751014546,269.6006357445338,258.921537131295,263.6206447397513,261.2614597946117
4.403191162933415,0.0,237.00346307121052,236.7719969551469,216.09117328366074,264.47426313187657,267.8973988447188,256.85215136258876,262.9622581847409,258.570584996554
4.418533292420988,0.0,237.40028820387062,236.40895722367787,214.93252140892182,262.8158765102248,266.04692409707815,254.8817236816179,262.2685169485228,255.91106634133442
4.43387542190856,0.0,238.39332629889665,236.71733016053497,213.79338717203802,263.0644351044109,264.6815679758969,253.19480548403328,261.8179737972211,253.4928684955779
4.449217551396133,0.0,239.9775942301528,236.47664764809647,213.03690568611867,265.2889571649914,263.4508005024672,251.91772712476651,261.6625144443937,251.2050227952014
4.464559680883706,0.0,241.85248926845313,235.6768284640549,212.34081481164785,269.7653897360623,262.28114932359813,250.3975475871943,261.26149994819923,249.05950224683616
4.479901810371279,0.0,243.70937992280284,234.35347284226515,211.6475428382978,276.10960374015406,261.10126829591394,248.63167964979394,260.4220409822018,247.02836864430446
4.4952439398588515,0.0,245.21518904386505,232.90880444264744,210.96471579255098,283.4087906991206,259.8830763325214,246.9955554727613,259.14652253157556,245.0674501045326
4.510586069346425,0.0,246.07777896019175,232.09464384817986,210.38205394870664,290.3138276983542,258.6639725694699,246.24526621907364,257.698201596156,243.12563820623328
4.525928198833998,0.0,246.1227322962197,232.86317295018316,210.04543906279355,295.28587104914675,257.5387708679586,247.3227911690505,256.5877373971718,241.166496620064
4.541270328321571,0.0,245.3792606851656,236.0499529141485,210.07165413852167,297.0297659870439,256.6092015663379,250.9012148719887,256.4497547495755,239.20523576361197
4.556612457809144,0.0,244.17297357018234,241.85365839949165,210.38729751655157,295.14685972340226,255.87882837401077,256.6073308579866,257.7785412406012,237.3641079939249
4.571954587296716,0.0,243.22323928713377,249.07699070659686,210.47537307837305,291.03980516733134,255.0812282993421,261.85903043299663,260.49197885514656,235.9492778503107
4.587296716784289,0.0,243.74287062234708,254.09323252452813,209.01305835608164,289.10194263520873,253.42928250367265,260.25487508017056,263.29281068858097,235.55222186012142
